{
    "name": null,
    "input_variables": [
        "length_input",
        "paper_input",
        "style_input"
    ],
    "optional_variables": [],
    "output_parser": null,
    "partial_variables": {},
    "metadata": null,
    "tags": null,
    "template": "\nPlease summarize the research paper titled \"{paper_input}\" with the following specifications:\n\nExplanation Style: {style_input}\nExplanation Length: {length_input}\n\n1. Mathematical Details:\n   - Include relevant mathematical equations if present in the paper.\n   - Explain the mathematical concepts using simple, intuitive code snippets where applicable.\n\n2. Analogies:\n   - Use relatable analogies to simplify complex ideas.\n\nIf certain information is not available in the paper, respond with:\n\"Insufficient information available\"\ninstead of guessing.\n\nEnsure the summary is clear, accurate, and aligned with the provided style and length.\n\n",
    "template_format": "f-string",
    "validate_template": true,
    "_type": "prompt"
}